Date,spot_vix,vix3m,vixy,es_price,irx
2020-01-02,12.47,15.19,956.0,3259.0,1.4950000047683716
2020-01-03,14.02,16.01,1004.0,3235.5,1.4730000495910645
2020-01-06,13.85,15.92,992.0,3243.5,1.4880000352859497
2020-01-07,13.79,15.86,988.0,3235.25,1.5
2020-01-08,13.45,15.4,968.7999877929688,3260.25,1.4930000305175781
2020-01-09,12.54,14.95,934.4000244140625,3276.0,1.5
2020-01-10,12.56,14.95,928.7999877929688,3264.75,1.4980000257492065
2020-01-13,12.32,14.64,904.0,3289.75,1.5099999904632568
2020-01-14,12.39,14.64,899.2000122070312,3288.0,1.5299999713897705
2020-01-15,12.42,14.63,895.2000122070312,3293.75,1.5080000162124634
2020-01-16,12.32,14.45,874.4000244140625,3316.5,1.5180000066757202
2020-01-17,12.1,14.41,876.7999877929688,3325.0,1.5230000019073486
2020-01-21,12.85,14.87,882.4000244140625,3319.5,1.503000020980835
2020-01-22,12.91,14.98,888.0,3319.75,1.5130000114440918
2020-01-23,12.98,14.99,885.5999755859375,3326.0,1.5149999856948853
2020-01-24,14.56,16.07,936.7999877929688,3293.5,1.4900000095367432
2020-01-27,18.23,18.16,1033.5999755859375,3239.5,1.5049999952316284
2020-01-28,16.28,17.03,975.2000122070312,3278.25,1.5299999713897705
2020-01-29,16.39,17.03,976.0,3272.5,1.5199999809265137
2020-01-30,15.49,16.59,960.7999877929688,3289.75,1.527999997138977
2020-01-31,18.84,18.63,1069.5999755859375,3224.0,1.5099999904632568
2020-02-03,17.97,18.04,1029.5999755859375,3245.5,1.5180000066757202
2020-02-04,16.05,16.7,973.5999755859375,3299.5,1.5379999876022339
2020-02-05,15.15,16.11,935.2000122070312,3335.0,1.5199999809265137
2020-02-06,14.96,15.89,926.4000244140625,3345.25,1.5299999713897705
2020-02-07,15.47,16.29,938.4000244140625,3325.5,1.5180000066757202
2020-02-10,15.04,16.13,928.0,3353.0,1.5199999809265137
2020-02-11,15.18,16.14,929.5999755859375,3357.5,1.5379999876022339
2020-02-12,13.74,15.36,884.7999877929688,3380.5,1.534999966621399
2020-02-13,14.15,15.68,900.0,3377.5,1.5449999570846558
2020-02-14,13.68,15.5,888.0,3381.0,1.534999966621399
2020-02-18,14.83,16.1,903.2000122070312,3369.25,1.534999966621399
2020-02-19,14.38,15.82,892.0,3387.25,1.5429999828338623
2020-02-20,15.56,16.6,920.7999877929688,3369.25,1.5379999876022339
2020-02-21,17.08,17.61,980.7999877929688,3339.25,1.5180000066757202
2020-02-24,25.03,21.92,1160.800048828125,3226.25,1.503000020980835
2020-02-25,27.85,23.86,1272.800048828125,3132.5,1.4900000095367432
2020-02-26,27.56,23.7,1243.199951171875,3110.25,1.4780000448226929
2020-02-27,39.16,29.92,1444.800048828125,2957.0,1.3949999809265137
2020-02-28,40.11,29.85,1507.199951171875,2951.0,1.2300000190734863
2020-03-02,33.42,27.7,1444.800048828125,3065.0,1.1349999904632568
2020-03-03,36.82,30.17,1608.800048828125,2997.0,0.9179999828338623
2020-03-04,31.99,27.51,1521.5999755859375,3114.75,0.675000011920929
2020-03-05,39.62,32.57,1763.199951171875,3015.5,0.5950000286102295
2020-03-06,41.94,35.46,1946.4000244140625,2964.0,0.41499999165534973
2020-03-09,54.46,43.05,2480.0,2747.75,0.33000001311302185
2020-03-10,47.3,39.44,2237.60009765625,2865.75,0.38999998569488525
2020-03-11,53.9,44.37,2513.60009765625,2740.25,0.36800000071525574
2020-03-12,75.47,57.24,3116.800048828125,2469.0,0.27300000190734863
2020-03-13,57.83,48.31,2840.0,2696.0,0.24300000071525574
2020-03-16,82.69,67.7,3950.39990234375,2416.25,0.1850000023841858
2020-03-17,75.91,65.27,3854.39990234375,2495.5,0.16500000655651093
2020-03-18,76.45,72.98,4504.0,2414.0,0.003000000026077032
2020-03-19,72.0,69.47,4080.0,2403.25,-0.02800000086426735
2020-03-20,66.04,65.59,4001.60009765625,2437.97998046875,-0.032999999821186066
2020-03-23,61.59,56.64,3374.39990234375,2220.5,-0.03999999910593033
2020-03-24,61.67,52.11,3078.39990234375,2438.0,-0.032999999821186066
2020-03-25,63.95,53.85,3328.0,2467.0,-0.07000000029802322
2020-03-26,61.0,49.79,3036.0,2608.0,-0.10499999672174454
2020-03-27,65.54,55.75,3304.800048828125,2524.0,-0.057999998331069946
2020-03-30,57.08,51.26,3199.199951171875,2611.25,0.013000000268220901
2020-03-31,53.54,48.32,3034.39990234375,2569.75,0.029999999329447746
2020-04-01,57.06,51.17,3295.199951171875,2448.0,0.06300000101327896
2020-04-02,50.91,47.3,3116.0,2516.5,0.06499999761581421
2020-04-03,46.8,44.84,2980.0,2482.75,0.057999998331069946
2020-04-06,45.24,43.09,2768.0,2644.5,0.05999999865889549
2020-04-07,46.7,43.42,2848.800048828125,2642.0,0.12800000607967377
2020-04-08,43.35,41.59,2789.60009765625,2735.0,0.1850000023841858
2020-04-09,41.67,40.61,2729.60009765625,2779.75,0.20999999344348907
2020-04-13,41.17,39.97,2672.0,2759.25,0.20000000298023224
2020-04-14,37.76,36.46,2457.60009765625,2843.0,0.16500000655651093
2020-04-15,40.84,39.28,2661.60009765625,2775.0,0.11500000208616257
2020-04-16,40.11,39.21,2676.800048828125,2787.5,0.10999999940395355
2020-04-17,38.15,37.28,2566.39990234375,2870.0,0.10300000011920929
2020-04-20,43.83,40.97,2819.199951171875,2806.5,0.07000000029802322
2020-04-21,45.41,43.28,3048.0,2732.0,0.09799999743700027
2020-04-22,41.98,40.92,2900.800048828125,2788.5,0.09300000220537186
2020-04-23,41.38,40.86,2899.199951171875,2780.75,0.09300000220537186
2020-04-24,35.93,37.81,2740.0,2829.5,0.10000000149011612
2020-04-27,33.29,35.33,2524.0,2869.0,0.09300000220537186
2020-04-28,33.57,35.37,2567.199951171875,2867.25,0.08500000089406967
2020-04-29,31.23,33.33,2406.39990234375,2941.0,0.09000000357627869
2020-04-30,34.15,35.05,2485.60009765625,2902.5,0.09000000357627869
2020-05-01,37.19,37.97,2701.60009765625,2821.75,0.09300000220537186
2020-05-04,35.97,37.0,2646.39990234375,2825.25,0.09000000357627869
2020-05-05,33.61,35.52,2544.800048828125,2858.25,0.10999999940395355
2020-05-06,34.12,35.68,2573.60009765625,2833.5,0.1080000028014183
2020-05-07,31.44,34.01,2469.60009765625,2880.0,0.0949999988079071
2020-05-08,27.98,31.64,2299.199951171875,2928.5,0.0949999988079071
2020-05-11,27.57,30.39,2141.60009765625,2922.75,0.10499999672174454
2020-05-12,33.04,34.26,2357.60009765625,2852.5,0.12300000339746475
2020-05-13,35.28,36.51,2599.199951171875,2813.0,0.11500000208616257
2020-05-14,32.61,34.9,2472.0,2847.0,0.10499999672174454
2020-05-15,31.89,34.51,2404.800048828125,2846.5,0.10300000011920929
2020-05-18,29.3,31.77,2251.199951171875,2948.0,0.10499999672174454
2020-05-19,30.53,32.81,2364.800048828125,2918.75,0.11800000071525574
2020-05-20,27.99,31.11,2221.60009765625,2968.5,0.11800000071525574
2020-05-21,29.53,32.38,2270.39990234375,2937.0,0.10999999940395355
2020-05-22,28.16,31.54,2252.800048828125,2953.0,0.10999999940395355
2020-05-26,28.01,30.85,2224.0,2994.5,0.11800000071525574
2020-05-27,27.62,30.19,2172.800048828125,3035.5,0.13500000536441803
2020-05-28,28.59,31.21,2256.800048828125,3038.0,0.1379999965429306
2020-05-29,27.51,30.27,2184.0,3042.0,0.12800000607967377
2020-06-01,28.23,30.92,2194.39990234375,3054.0,0.12800000607967377
2020-06-02,26.84,29.93,2135.199951171875,3077.0,0.14499999582767487
2020-06-03,25.66,28.91,2041.5999755859375,3117.75,0.14800000190734863
2020-06-04,25.81,28.85,2022.4000244140625,3110.5,0.14000000059604645
2020-06-05,24.52,27.42,1913.5999755859375,3186.75,0.14499999582767487
2020-06-08,25.81,28.08,1956.0,3227.5,0.15299999713897705
2020-06-09,27.57,29.67,2054.39990234375,3205.5,0.16500000655651093
2020-06-10,27.57,29.57,2041.5999755859375,3186.0,0.16500000655651093
2020-06-11,40.79,40.43,2727.199951171875,3010.25,0.15299999713897705
2020-06-12,36.09,38.05,2538.39990234375,3034.75,0.15000000596046448
2020-06-15,34.4,36.43,2476.800048828125,3073.0,0.1550000011920929
2020-06-16,33.67,35.8,2426.39990234375,3128.75,0.1599999964237213
2020-06-17,33.47,35.72,2421.60009765625,3118.0,0.16500000655651093
2020-06-18,32.94,35.14,2380.800048828125,3109.0,0.14000000059604645
2020-06-19,35.12,36.68,2419.199951171875,3161.260009765625,0.14300000667572021
2020-06-22,31.77,33.75,2300.0,3110.75,0.14000000059604645
2020-06-23,31.37,33.06,2255.199951171875,3118.5,0.14000000059604645
2020-06-24,33.84,35.39,2411.199951171875,3049.0,0.13500000536441803
2020-06-25,32.22,34.09,2316.800048828125,3070.75,0.12999999523162842
2020-06-26,34.73,35.8,2461.60009765625,3007.0,0.13300000131130219
2020-06-29,31.78,33.91,2342.39990234375,3047.75,0.125
2020-06-30,30.43,32.52,2220.800048828125,3090.25,0.13500000536441803
2020-07-01,28.62,31.68,2158.39990234375,3103.0,0.12999999523162842
2020-07-02,27.68,30.87,2121.60009765625,3129.0,0.13300000131130219
2020-07-06,27.94,30.98,2120.0,3172.0,0.12800000607967377
2020-07-07,29.43,32.07,2182.39990234375,3136.5,0.14000000059604645
2020-07-08,28.08,31.19,2132.800048828125,3163.5,0.13500000536441803
2020-07-09,29.26,32.06,2168.0,3141.0,0.12300000339746475
2020-07-10,27.29,31.02,2112.800048828125,3178.5,0.11999999731779099
2020-07-13,32.19,34.54,2314.39990234375,3148.25,0.125
2020-07-14,29.52,32.56,2176.800048828125,3183.5,0.13300000131130219
2020-07-15,27.76,31.56,2119.199951171875,3219.5,0.125
2020-07-16,28.0,31.55,2080.800048828125,3194.5,0.10300000011920929
2020-07-17,25.68,30.37,2006.4000244140625,3214.0,0.10499999672174454
2020-07-20,24.46,29.1,1913.5999755859375,3245.25,0.10499999672174454
2020-07-21,24.84,29.47,1930.4000244140625,3251.25,0.10999999940395355
2020-07-22,24.32,29.05,1909.5999755859375,3265.5,0.10000000149011612
2020-07-23,26.08,30.25,1968.0,3227.5,0.10300000011920929
2020-07-24,25.84,30.56,1976.0,3204.0,0.09799999743700027
2020-07-27,24.74,30.0,1920.800048828125,3232.25,0.09300000220537186
2020-07-28,25.44,30.1,1909.5999755859375,3213.0,0.10300000011920929
2020-07-29,24.1,29.29,1870.4000244140625,3252.5,0.09000000357627869
2020-07-30,24.76,29.76,1914.4000244140625,3248.75,0.08500000089406967
2020-07-31,24.46,29.71,1875.199951171875,3263.5,0.08299999684095383
2020-08-03,24.28,29.66,1864.0,3288.5,0.07800000160932541
2020-08-04,23.76,29.09,1808.0,3300.0,0.09000000357627869
2020-08-05,22.99,28.6,1772.0,3316.0,0.0949999988079071
2020-08-06,22.65,28.2,1752.0,3344.25,0.08799999952316284
2020-08-07,22.21,28.28,1740.0,3344.75,0.08799999952316284
2020-08-10,22.13,28.05,1688.0,3352.75,0.08799999952316284
2020-08-11,24.03,29.17,1767.199951171875,3330.0,0.10000000149011612
2020-08-12,22.28,28.12,1671.199951171875,3370.0,0.10000000149011612
2020-08-13,22.13,28.17,1671.199951171875,3367.75,0.09000000357627869
2020-08-14,22.05,28.37,1672.800048828125,3361.5,0.08799999952316284
2020-08-17,21.35,27.45,1608.800048828125,3379.75,0.08500000089406967
2020-08-18,21.51,27.35,1593.5999755859375,3387.0,0.10000000149011612
2020-08-19,22.54,28.11,1624.800048828125,3372.75,0.0949999988079071
2020-08-20,22.72,28.13,1607.199951171875,3380.75,0.08799999952316284
2020-08-21,22.54,28.17,1614.4000244140625,3392.5,0.08799999952316284
2020-08-24,22.37,28.1,1608.800048828125,3427.5,0.08500000089406967
2020-08-25,22.03,27.91,1597.5999755859375,3443.0,0.0949999988079071
2020-08-26,23.27,28.7,1634.4000244140625,3480.25,0.09300000220537186
2020-08-27,24.47,29.93,1686.4000244140625,3485.25,0.0949999988079071
2020-08-28,22.96,29.62,1677.5999755859375,3504.5,0.0949999988079071
2020-08-31,26.41,31.85,1757.5999755859375,3499.0,0.0949999988079071
2020-09-01,26.12,32.1,1789.5999755859375,3527.0,0.10000000149011612
2020-09-02,26.57,32.67,1837.5999755859375,3579.25,0.10000000149011612
2020-09-03,33.6,37.63,2080.800048828125,3461.5,0.10000000149011612
2020-09-04,30.75,34.75,1907.199951171875,3417.5,0.10300000011920929
2020-09-08,31.46,34.31,1852.800048828125,3335.5,0.1080000028014183
2020-09-09,28.81,32.12,1759.199951171875,3400.25,0.10499999672174454
2020-09-10,29.71,32.92,1779.199951171875,3340.5,0.10300000011920929
2020-09-11,26.87,31.13,1670.4000244140625,3333.75,0.10300000011920929
2020-09-14,25.85,30.48,1644.0,3382.5,0.10000000149011612
2020-09-15,25.59,30.27,1643.199951171875,3405.25,0.10000000149011612
2020-09-16,26.04,30.57,1633.5999755859375,3389.5,0.10000000149011612
2020-09-17,26.46,30.75,1597.5999755859375,3361.5,0.08500000089406967
2020-09-18,25.83,30.46,1598.4000244140625,3353.60009765625,0.08299999684095383
2020-09-21,27.78,31.64,1651.199951171875,3275.0,0.07999999821186066
2020-09-22,26.86,31.67,1662.4000244140625,3299.25,0.08799999952316284
2020-09-23,28.58,33.28,1751.199951171875,3231.25,0.08799999952316284
2020-09-24,28.51,33.06,1720.0,3238.0,0.09300000220537186
2020-09-25,26.38,32.03,1673.5999755859375,3287.25,0.09000000357627869
2020-09-28,26.19,31.74,1668.0,3346.0,0.08799999952316284
2020-09-29,26.27,31.09,1635.199951171875,3333.75,0.08500000089406967
2020-09-30,26.37,31.64,1632.800048828125,3352.0,0.08500000089406967
2020-10-01,26.7,31.72,1640.800048828125,3367.75,0.08299999684095383
2020-10-02,27.63,32.39,1687.199951171875,3339.25,0.08500000089406967
2020-10-05,27.96,31.28,1637.5999755859375,3393.0,0.08500000089406967
2020-10-06,29.48,31.88,1658.4000244140625,3353.25,0.08799999952316284
2020-10-07,28.06,30.7,1606.4000244140625,3406.75,0.08799999952316284
2020-10-08,26.36,29.49,1543.199951171875,3437.5,0.08799999952316284
2020-10-09,25.0,28.28,1461.5999755859375,3473.25,0.09300000220537186
2020-10-12,25.07,27.98,1434.4000244140625,3532.75,0.09000000357627869
2020-10-13,26.07,28.35,1449.5999755859375,3504.75,0.09300000220537186
2020-10-14,26.4,28.24,1437.5999755859375,3481.0,0.10000000149011612
2020-10-15,26.97,28.72,1448.800048828125,3475.5,0.0949999988079071
2020-10-16,27.41,29.21,1458.4000244140625,3462.25,0.09000000357627869
2020-10-19,29.18,30.4,1523.199951171875,3422.75,0.09000000357627869
2020-10-20,29.35,30.11,1522.4000244140625,3432.25,0.0949999988079071
2020-10-21,28.65,29.61,1485.5999755859375,3432.5,0.09000000357627869
2020-10-22,28.11,29.3,1452.0,3449.25,0.08500000089406967
2020-10-23,27.55,28.99,1453.5999755859375,3451.75,0.08299999684095383
2020-10-26,32.46,32.07,1580.800048828125,3393.5,0.07999999821186066
2020-10-27,33.35,32.72,1588.0,3383.0,0.09000000357627869
2020-10-28,40.28,37.75,1816.800048828125,3263.5,0.09000000357627869
2020-10-29,37.59,35.84,1664.0,3302.25,0.08299999684095383
2020-10-30,38.02,36.27,1738.4000244140625,3264.75,0.08299999684095383
2020-11-02,37.13,35.06,1700.800048828125,3300.5,0.08299999684095383
2020-11-03,35.55,33.52,1611.199951171875,3361.5,0.09000000357627869
2020-11-04,29.57,29.98,1469.5999755859375,3435.0,0.08299999684095383
2020-11-05,27.58,29.05,1441.5999755859375,3504.75,0.08500000089406967
2020-11-06,24.86,27.37,1348.0,3500.75,0.08299999684095383
2020-11-09,25.75,26.88,1317.5999755859375,3544.0,0.08799999952316284
2020-11-10,24.8,26.49,1275.199951171875,3541.0,0.09000000357627869
2020-11-11,23.45,25.62,1249.5999755859375,3568.0,0.09000000357627869
2020-11-12,25.35,27.22,1333.5999755859375,3532.5,0.08500000089406967
2020-11-13,23.1,25.69,1251.199951171875,3582.0,0.08299999684095383
2020-11-16,22.45,25.35,1219.199951171875,3623.0,0.07500000298023224
2020-11-17,22.71,25.38,1200.0,3606.75,0.07999999821186066
2020-11-18,23.84,26.39,1244.800048828125,3565.0,0.07500000298023224
2020-11-19,23.11,25.8,1221.5999755859375,3580.0,0.05999999865889549
2020-11-20,23.7,26.06,1217.5999755859375,3554.25,0.057999998331069946
2020-11-23,22.66,25.43,1202.4000244140625,3576.0,0.07000000029802322
2020-11-24,21.64,24.84,1184.0,3632.75,0.07999999821186066
2020-11-25,21.25,24.42,1140.800048828125,3627.25,0.07999999821186066
2020-11-27,20.84,24.43,1148.0,3636.5,0.0729999989271164
2020-11-30,20.57,24.33,1125.5999755859375,3623.25,0.07500000298023224
2020-12-01,20.77,24.49,1134.4000244140625,3660.5,0.07999999821186066
2020-12-02,21.17,24.54,1129.5999755859375,3667.25,0.07500000298023224
2020-12-03,21.28,24.56,1138.4000244140625,3664.5,0.07500000298023224
2020-12-04,20.79,24.29,1121.5999755859375,3698.0,0.07500000298023224
2020-12-07,21.3,24.52,1128.0,3690.75,0.07000000029802322
2020-12-08,20.68,23.87,1088.800048828125,3702.0,0.06800000369548798
2020-12-09,22.27,24.73,1128.0,3672.5,0.07000000029802322
2020-12-10,22.52,25.05,1137.5999755859375,3668.5,0.07000000029802322
2020-12-11,23.31,26.05,1180.800048828125,3661.25,0.06499999761581421
2020-12-14,24.72,27.11,1208.800048828125,3646.5,0.05999999865889549
2020-12-15,22.89,25.87,1152.0,3694.5,0.07000000029802322
2020-12-16,22.5,25.47,1112.0,3700.75,0.07500000298023224
2020-12-17,21.93,25.15,1100.0,3721.25,0.07999999821186066
2020-12-18,21.57,25.17,1126.4000244140625,3726.25,0.07999999821186066
2020-12-21,25.16,27.58,1208.0,3685.75,0.07800000160932541
2020-12-22,24.23,27.25,1184.800048828125,3677.25,0.07800000160932541
2020-12-23,23.31,26.26,1139.199951171875,3681.5,0.07500000298023224
2020-12-24,21.53,25.37,1108.0,3695.0,0.07500000298023224
2020-12-28,21.7,25.15,1100.0,3727.5,0.07999999821186066
2020-12-29,23.08,26.24,1143.199951171875,3720.0,0.09000000357627869
2020-12-30,22.77,25.44,1100.0,3724.25,0.07000000029802322
2020-12-31,22.75,25.28,1099.199951171875,3748.75,0.06499999761581421
2021-01-04,26.97,28.26,1204.0,3692.25,0.06800000369548798
2021-01-05,25.34,27.25,1158.4000244140625,3718.25,0.07800000160932541
2021-01-06,25.07,26.79,1151.199951171875,3740.5,0.07800000160932541
2021-01-07,22.37,25.02,1080.800048828125,3795.5,0.07999999821186066
2021-01-08,21.56,24.9,1070.4000244140625,3817.5,0.07999999821186066
2021-01-11,24.08,26.7,1136.0,3792.0,0.07999999821186066
2021-01-12,23.33,26.2,1097.5999755859375,3794.5,0.07999999821186066
2021-01-13,22.21,25.55,1080.0,3803.75,0.07999999821186066
2021-01-14,23.25,26.32,1093.5999755859375,3791.25,0.07500000298023224
2021-01-15,24.34,27.26,1120.800048828125,3762.25,0.07500000298023224
2021-01-19,23.24,26.69,1089.5999755859375,3790.5,0.0729999989271164
2021-01-20,21.58,25.72,1067.199951171875,3845.0,0.07500000298023224
2021-01-21,21.32,25.7,1058.4000244140625,3846.0,0.0729999989271164
2021-01-22,21.91,25.99,1073.5999755859375,3834.25,0.07000000029802322
2021-01-25,23.19,26.88,1116.800048828125,3848.5,0.07000000029802322
2021-01-26,23.02,26.89,1098.4000244140625,3842.5,0.06800000369548798
2021-01-27,37.21,35.73,1326.4000244140625,3744.25,0.05999999865889549
2021-01-28,30.21,31.77,1299.199951171875,3779.25,0.054999999701976776
2021-01-29,33.09,33.88,1384.0,3705.25,0.04800000041723251
2021-02-01,30.24,32.53,1303.199951171875,3765.75,0.04800000041723251
2021-02-02,25.56,29.36,1194.4000244140625,3818.25,0.05000000074505806
2021-02-03,22.91,27.57,1130.4000244140625,3823.5,0.03999999910593033
2021-02-04,21.77,26.79,1080.800048828125,3864.5,0.029999999329447746
2021-02-05,20.87,26.52,1078.4000244140625,3880.25,0.023000000044703484
2021-02-08,21.24,26.65,1069.5999755859375,3908.0,0.019999999552965164
2021-02-09,21.63,27.11,1075.199951171875,3905.5,0.032999999821186066
2021-02-10,21.99,27.49,1090.4000244140625,3903.0,0.03500000014901161
2021-02-11,21.25,27.22,1065.5999755859375,3912.0,0.03500000014901161
2021-02-12,19.97,26.5,1031.199951171875,3931.0,0.03500000014901161
2021-02-16,21.46,27.55,1032.800048828125,3927.75,0.03500000014901161
2021-02-17,21.5,27.52,1018.4000244140625,3928.0,0.03500000014901161
2021-02-18,22.49,27.86,1027.199951171875,3909.5,0.023000000044703484
2021-02-19,22.05,27.09,987.2000122070312,3903.0,0.023000000044703484
2021-02-22,23.45,27.81,1028.800048828125,3873.5,0.02500000037252903
2021-02-23,23.11,27.12,986.4000244140625,3878.0,0.023000000044703484
2021-02-24,21.34,25.89,948.7999877929688,3922.5,0.02800000086426735
2021-02-25,28.89,30.24,1096.0,3828.0,0.032999999821186066
2021-02-26,27.95,29.6,1044.0,3809.25,0.03500000014901161
2021-03-01,23.35,26.78,964.0,3898.75,0.02800000086426735
2021-03-02,24.1,27.16,980.0,3867.5,0.03500000014901161
2021-03-03,26.67,28.79,1023.2000122070312,3816.75,0.03500000014901161
2021-03-04,28.57,30.08,1065.5999755859375,3765.5,0.02800000086426735
2021-03-05,24.66,27.89,992.0,3839.0,0.02800000086426735
2021-03-08,25.47,28.13,1016.0,3819.25,0.03500000014901161
2021-03-09,24.03,27.28,967.2000122070312,3873.25,0.03500000014901161
2021-03-10,22.56,26.68,956.0,3896.5,0.029999999329447746
2021-03-11,21.91,26.09,931.2000122070312,3936.75,0.02800000086426735
2021-03-12,20.69,25.74,915.2000122070312,3942.25,0.02500000037252903
2021-03-15,20.03,24.89,863.2000122070312,3967.5,0.014999999664723873
2021-03-16,19.79,24.71,863.2000122070312,3962.5,0.00800000037997961
2021-03-17,19.23,23.88,824.0,3974.0,0.00800000037997961
2021-03-18,21.58,25.28,871.2000122070312,3916.5,0.003000000026077032
2021-03-19,20.95,24.99,843.2000122070312,3912.6201171875,0.004999999888241291
2021-03-22,18.88,22.94,780.0,3930.0,0.004999999888241291
2021-03-23,20.3,23.8,820.0,3899.75,0.009999999776482582
2021-03-24,21.2,24.4,824.7999877929688,3880.75,0.014999999664723873
2021-03-25,19.81,23.37,799.2000122070312,3900.5,0.014999999664723873
2021-03-26,18.86,22.32,768.0,3964.75,0.014999999664723873
2021-03-29,20.74,23.2,789.5999755859375,3959.0,0.00800000037997961
2021-03-30,19.61,22.31,752.7999877929688,3947.75,0.013000000268220901
2021-03-31,19.4,22.15,748.0,3967.5,0.013000000268220901
2021-04-01,17.33,20.97,724.7999877929688,4010.0,0.00800000037997961
2021-04-05,17.91,20.96,703.2000122070312,4067.75,0.014999999664723873
2021-04-06,18.12,21.16,709.5999755859375,4064.0,0.014999999664723873
2021-04-07,17.16,20.66,688.0,4070.0,0.009999999776482582
2021-04-08,16.95,20.59,677.5999755859375,4089.0,0.004999999888241291
2021-04-09,16.69,20.74,676.0,4119.5,0.003000000026077032
2021-04-12,16.91,20.82,665.5999755859375,4120.25,0.009999999776482582
2021-04-13,16.65,20.78,660.0,4132.75,0.014999999664723873
2021-04-14,16.99,21.06,675.2000122070312,4118.0,0.014999999664723873
2021-04-15,16.57,20.76,652.7999877929688,4162.5,0.009999999776482582
2021-04-16,16.25,20.53,642.4000244140625,4176.25,0.00800000037997961
2021-04-19,17.29,21.37,664.7999877929688,4155.5,0.014999999664723873
2021-04-20,18.68,22.35,680.0,4126.5,0.014999999664723873
2021-04-21,17.5,21.49,644.7999877929688,4164.75,0.013000000268220901
2021-04-22,18.71,22.52,689.5999755859375,4127.75,0.014999999664723873
2021-04-23,17.33,21.57,658.4000244140625,4171.5,0.014999999664723873
2021-04-26,17.64,21.54,653.5999755859375,4179.5,0.00800000037997961
2021-04-27,17.56,21.32,639.2000122070312,4179.0,0.009999999776482582
2021-04-28,17.28,21.13,636.7999877929688,4176.25,0.00800000037997961
2021-04-29,17.61,21.31,632.7999877929688,4203.5,0.00800000037997961
2021-04-30,18.61,22.07,658.4000244140625,4174.5,0.003000000026077032
2021-05-03,18.31,21.74,633.5999755859375,4185.75,0.004999999888241291
2021-05-04,19.48,22.67,657.5999755859375,4158.25,0.009999999776482582
2021-05-05,19.15,22.26,642.4000244140625,4160.0,0.00800000037997961
2021-05-06,18.39,21.88,638.4000244140625,4194.25,0.00800000037997961
2021-05-07,16.69,20.79,600.0,4225.25,0.00800000037997961
2021-05-10,19.66,22.4,626.4000244140625,4183.5,0.004999999888241291
2021-05-11,21.84,24.23,675.2000122070312,4146.25,0.009999999776482582
2021-05-12,27.59,28.18,791.2000122070312,4058.75,0.009999999776482582
2021-05-13,23.13,25.26,716.7999877929688,4107.0,0.00800000037997961
2021-05-14,18.81,22.26,632.7999877929688,4169.0,0.004999999888241291
2021-05-17,19.72,23.14,645.5999755859375,4157.75,0.004999999888241291
2021-05-18,21.34,24.22,663.2000122070312,4123.0,0.009999999776482582
2021-05-19,22.18,25.27,692.0,4111.5,0.004999999888241291
2021-05-20,20.67,23.81,655.2000122070312,4154.25,0.003000000026077032
2021-05-21,20.15,23.49,646.4000244140625,4151.75,0.003000000026077032
2021-05-24,18.4,22.23,616.7999877929688,4193.75,0.003000000026077032
2021-05-25,18.84,22.4,616.7999877929688,4185.5,0.009999999776482582
2021-05-26,17.36,21.3,587.7999877929688,4193.0,0.004999999888241291
2021-05-27,16.74,20.31,559.2000122070312,4199.0,0.004999999888241291
2021-05-28,16.76,20.48,567.2000122070312,4202.5,0.00800000037997961
2021-06-01,17.9,21.34,581.4000244140625,4198.5,0.009999999776482582
2021-06-02,17.48,21.42,567.2000122070312,4206.25,0.014999999664723873
2021-06-03,18.04,21.82,577.5999755859375,4191.25,0.014999999664723873
2021-06-04,16.42,20.62,547.0,4228.25,0.014999999664723873
2021-06-07,16.42,20.55,537.2000122070312,4225.5,0.017999999225139618
2021-06-08,17.07,20.85,543.7999877929688,4225.75,0.019999999552965164
2021-06-09,17.89,21.28,552.0,4218.5,0.019999999552965164
2021-06-10,16.1,20.08,518.5999755859375,4238.0,0.019999999552965164
2021-06-11,15.65,19.64,504.6000061035156,4245.75,0.017999999225139618
2021-06-14,16.39,20.14,508.3999938964844,4254.75,0.014999999664723873
2021-06-15,17.02,20.68,520.0,4246.5,0.019999999552965164
2021-06-16,18.15,21.26,525.0,4223.0,0.02800000086426735
2021-06-17,17.75,20.98,521.7999877929688,4222.25,0.02800000086426735
2021-06-18,20.7,22.93,567.2000122070312,4187.25,0.02800000086426735
2021-06-21,17.89,21.12,530.0,4213.75,0.029999999329447746
2021-06-22,16.66,20.07,505.3999938964844,4236.25,0.03799999877810478
2021-06-23,16.32,19.7,495.3999938964844,4231.5,0.03999999910593033
2021-06-24,15.97,19.26,484.6000061035156,4256.0,0.0430000014603138
2021-06-25,15.62,19.0,477.3999938964844,4271.25,0.0430000014603138
2021-06-28,15.76,19.02,478.20001220703125,4280.5,0.03999999910593033
2021-06-29,16.02,19.49,486.6000061035156,4282.0,0.03999999910593033
2021-06-30,15.83,19.51,481.6000061035156,4288.5,0.03999999910593033
2021-07-01,15.48,19.45,475.0,4310.75,0.03999999910593033
2021-07-02,15.07,19.3,472.6000061035156,4342.75,0.03799999877810478
2021-07-06,16.44,20.26,484.0,4334.0,0.03999999910593033
2021-07-07,16.2,20.41,485.20001220703125,4349.75,0.0430000014603138
2021-07-08,19.0,21.98,517.5999755859375,4313.0,0.0430000014603138
2021-07-09,16.18,20.44,481.3999938964844,4360.0,0.0430000014603138
2021-07-12,16.17,20.46,478.79998779296875,4376.5,0.0430000014603138
2021-07-13,17.12,21.13,485.0,4361.25,0.04500000178813934
2021-07-14,16.33,20.62,473.6000061035156,4367.75,0.04500000178813934
2021-07-15,17.01,21.09,480.6000061035156,4352.0,0.03799999877810478
2021-07-16,18.45,22.07,499.0,4318.5,0.03799999877810478
2021-07-19,22.5,24.9,571.2000122070312,4251.25,0.03999999910593033
2021-07-20,19.73,23.2,525.5999755859375,4315.5,0.04500000178813934
2021-07-21,17.91,21.87,489.79998779296875,4350.5,0.04500000178813934
2021-07-22,17.69,21.86,498.6000061035156,4359.5,0.0430000014603138
2021-07-23,17.2,21.65,495.3999938964844,4403.0,0.04500000178813934
2021-07-26,17.58,21.74,488.79998779296875,4414.25,0.03999999910593033
2021-07-27,19.36,23.0,505.0,4394.5,0.04500000178813934
2021-07-28,18.31,22.35,492.20001220703125,4393.75,0.04500000178813934
2021-07-29,17.7,21.88,482.20001220703125,4411.75,0.03999999910593033
2021-07-30,18.24,22.18,495.3999938964844,4389.5,0.03999999910593033
2021-08-02,19.46,23.05,513.5999755859375,4379.75,0.03799999877810478
2021-08-03,18.04,22.18,488.0,4415.0,0.04500000178813934
2021-08-04,17.97,22.17,487.6000061035156,4394.75,0.04500000178813934
2021-08-05,17.28,21.52,474.79998779296875,4421.5,0.0430000014603138
2021-08-06,16.15,20.87,462.79998779296875,4429.5,0.0430000014603138
2021-08-09,16.72,21.27,457.3999938964844,4425.75,0.04500000178813934
2021-08-10,16.79,21.21,451.0,4430.0,0.05000000074505806
2021-08-11,16.06,20.67,438.6000061035156,4440.5,0.04500000178813934
2021-08-12,15.59,20.25,429.0,4454.5,0.0430000014603138
2021-08-13,15.45,20.26,429.0,4462.5,0.04500000178813934
2021-08-16,16.12,20.64,431.0,4474.0,0.057999998331069946
2021-08-17,17.91,21.7,445.0,4443.5,0.06300000101327896
2021-08-18,21.57,23.8,475.3999938964844,4394.5,0.054999999701976776
2021-08-19,21.67,24.2,490.79998779296875,4401.5,0.0430000014603138
2021-08-20,18.56,22.41,454.0,4437.0,0.0430000014603138
2021-08-23,17.15,21.2,438.20001220703125,4475.5,0.03999999910593033
2021-08-24,17.22,21.22,437.20001220703125,4482.5,0.04800000041723251
2021-08-25,16.79,20.79,427.20001220703125,4493.0,0.04500000178813934
2021-08-26,18.84,21.86,445.79998779296875,4466.5,0.0430000014603138
2021-08-27,16.39,20.61,422.79998779296875,4505.5,0.0430000014603138
2021-08-30,16.19,20.4,418.3999938964844,4525.25,0.03799999877810478
2021-08-31,16.48,20.42,417.0,4520.5,0.03999999910593033
2021-09-01,16.11,20.08,406.20001220703125,4521.25,0.03999999910593033
2021-09-02,16.41,20.13,405.3999938964844,4535.25,0.03999999910593033
2021-09-03,16.41,20.32,409.20001220703125,4534.5,0.03999999910593033
2021-09-07,18.14,21.53,418.20001220703125,4519.25,0.03500000014901161
2021-09-08,17.96,21.59,417.6000061035156,4512.5,0.03999999910593033
2021-09-09,18.8,22.06,426.79998779296875,4492.25,0.03799999877810478
2021-09-10,20.95,23.31,441.0,4458.25,0.03799999877810478
2021-09-13,19.37,22.47,426.79998779296875,4469.0,0.03799999877810478
2021-09-14,19.46,22.55,433.6000061035156,4444.5,0.03500000014901161
2021-09-15,18.18,21.76,416.0,4481.75,0.03500000014901161
2021-09-16,18.69,21.81,411.79998779296875,4474.25,0.029999999329447746
2021-09-17,20.81,23.22,438.79998779296875,4464.330078125,0.02800000086426735
2021-09-20,25.71,26.4,486.6000061035156,4348.25,0.02500000037252903
2021-09-21,24.36,25.47,468.3999938964844,4343.25,0.019999999552965164
2021-09-22,20.87,23.05,442.0,4384.0,0.02500000037252903
2021-09-23,18.63,21.37,414.6000061035156,4438.0,0.02500000037252903
2021-09-24,17.75,20.82,402.0,4445.75,0.02500000037252903
2021-09-27,18.76,21.4,405.6000061035156,4433.0,0.02500000037252903
2021-09-28,23.25,24.03,448.79998779296875,4343.5,0.029999999329447746
2021-09-29,22.56,23.72,454.79998779296875,4349.75,0.029999999329447746
2021-09-30,23.14,23.87,456.0,4297.75,0.02800000086426735
2021-10-01,21.15,23.05,438.6000061035156,4343.75,0.02800000086426735
2021-10-04,22.96,24.11,451.20001220703125,4291.25,0.02800000086426735
2021-10-05,21.3,23.11,434.6000061035156,4334.0,0.03500000014901161
2021-10-06,21.0,22.84,429.6000061035156,4354.0,0.03999999910593033
2021-10-07,19.54,22.12,413.3999938964844,4390.0,0.03999999910593033
2021-10-08,18.77,21.88,405.6000061035156,4382.25,0.03999999910593033
2021-10-11,20.0,22.39,410.20001220703125,4351.0,0.03999999910593033
2021-10-12,19.85,22.33,402.3999938964844,4340.75,0.03999999910593033
2021-10-13,18.64,21.54,394.79998779296875,4355.0,0.04500000178813934
2021-10-14,16.86,20.37,373.3999938964844,4429.0,0.03999999910593033
2021-10-15,16.3,20.3,373.20001220703125,4462.5,0.03799999877810478
2021-10-18,16.31,20.29,365.6000061035156,4477.5,0.0430000014603138
2021-10-19,15.7,19.98,362.20001220703125,4511.25,0.05000000074505806
2021-10-20,15.49,19.87,359.20001220703125,4528.0,0.05000000074505806
2021-10-21,15.01,19.48,347.3999938964844,4541.75,0.05000000074505806
2021-10-22,15.43,20.01,354.3999938964844,4536.5,0.05000000074505806
2021-10-25,15.24,19.56,344.0,4558.0,0.05000000074505806
2021-10-26,15.98,20.11,350.6000061035156,4565.25,0.05000000074505806
2021-10-27,16.98,20.89,358.79998779296875,4544.5,0.05000000074505806
2021-10-28,16.53,20.48,347.6000061035156,4587.5,0.04800000041723251
2021-10-29,16.26,20.37,349.79998779296875,4597.0,0.04800000041723251
2021-11-01,16.41,20.39,345.0,4605.75,0.03999999910593033
2021-11-02,16.03,20.1,336.0,4623.5,0.04500000178813934
2021-11-03,15.1,19.5,323.79998779296875,4652.25,0.04500000178813934
2021-11-04,15.44,19.7,328.6000061035156,4673.25,0.03500000014901161
2021-11-05,16.48,20.49,339.79998779296875,4690.25,0.03999999910593033
2021-11-08,17.22,20.98,340.6000061035156,4694.0,0.03500000014901161
2021-11-09,17.78,21.41,346.20001220703125,4678.25,0.03999999910593033
2021-11-10,18.73,22.0,352.20001220703125,4642.0,0.04500000178813934
2021-11-11,17.66,21.38,345.3999938964844,4643.0,0.03999999910593033
2021-11-12,16.29,20.69,333.6000061035156,4678.25,0.0430000014603138
2021-11-15,16.49,20.87,329.0,4679.0,0.03799999877810478
2021-11-16,16.37,20.9,329.79998779296875,4696.0,0.03999999910593033
2021-11-17,17.11,21.58,335.79998779296875,4686.25,0.04500000178813934
2021-11-18,17.59,21.9,338.20001220703125,4701.5,0.04500000178813934
2021-11-19,17.91,21.92,342.79998779296875,4694.5,0.04500000178813934
2021-11-22,19.17,22.63,348.3999938964844,4679.75,0.03999999910593033
2021-11-23,19.38,22.45,340.79998779296875,4688.5,0.04500000178813934
2021-11-24,18.58,21.9,335.79998779296875,4699.0,0.05000000074505806
2021-11-26,28.62,29.17,419.79998779296875,4595.75,0.0430000014603138
2021-11-29,22.96,25.04,363.0,4651.0,0.03799999877810478
2021-11-30,27.19,28.13,414.0,4566.25,0.04800000041723251
2021-12-01,31.12,30.79,445.79998779296875,4508.5,0.05000000074505806
2021-12-02,27.95,29.15,421.0,4575.75,0.0430000014603138
2021-12-03,30.67,31.78,457.79998779296875,4537.5,0.0430000014603138
2021-12-06,27.18,28.88,420.79998779296875,4590.0,0.0430000014603138
2021-12-07,21.89,24.96,375.3999938964844,4685.0,0.057999998331069946
2021-12-08,19.9,23.63,353.3999938964844,4699.0,0.05999999865889549
2021-12-09,21.58,24.66,363.20001220703125,4667.0,0.05299999937415123
2021-12-10,18.69,23.18,339.6000061035156,4711.0,0.05000000074505806
2021-12-13,20.31,24.32,353.20001220703125,4668.75,0.0430000014603138
2021-12-14,21.89,25.35,359.3999938964844,4637.0,0.04800000041723251
2021-12-15,19.29,23.3,333.6000061035156,4709.5,0.04500000178813934
2021-12-16,20.57,24.37,348.0,4668.75,0.03500000014901161
2021-12-17,21.57,25.38,359.20001220703125,4636.4599609375,0.029999999329447746
2021-12-20,22.87,26.31,371.6000061035156,4558.5,0.03799999877810478
2021-12-21,21.01,25.0,353.79998779296875,4640.75,0.06499999761581421
2021-12-22,18.63,23.56,333.79998779296875,4686.0,0.06499999761581421
2021-12-23,17.96,23.24,329.6000061035156,4715.75,0.057999998331069946
2021-12-27,17.68,22.74,322.0,4782.25,0.0430000014603138
2021-12-28,17.54,22.33,313.79998779296875,4778.5,0.05000000074505806
2021-12-29,16.95,21.83,306.0,4784.5,0.04500000178813934
2021-12-30,17.33,21.88,305.79998779296875,4772.25,0.02500000037252903
2021-12-31,17.22,21.88,303.3999938964844,4758.5,0.032999999821186066
2022-01-03,16.6,21.53,292.3999938964844,4786.0,0.05299999937415123
2022-01-04,16.91,21.62,292.20001220703125,4784.25,0.07999999821186066
2022-01-05,19.73,23.47,314.6000061035156,4692.5,0.08500000089406967
2022-01-06,19.61,23.5,316.79998779296875,4687.5,0.09000000357627869
2022-01-07,18.76,22.87,307.6000061035156,4667.75,0.08799999952316284
2022-01-10,19.4,22.68,301.79998779296875,4662.25,0.09000000357627869
2022-01-11,18.41,21.98,291.3999938964844,4705.0,0.11800000071525574
2022-01-12,17.62,21.58,288.3999938964844,4716.25,0.11500000208616257
2022-01-13,20.31,23.41,306.6000061035156,4652.0,0.10999999940395355
2022-01-14,19.19,22.82,301.6000061035156,4654.75,0.11800000071525574
2022-01-18,22.79,25.12,324.79998779296875,4571.25,0.12999999523162842
2022-01-19,23.85,25.81,332.79998779296875,4524.25,0.16500000655651093
2022-01-20,25.59,27.25,347.0,4474.75,0.1679999977350235
2022-01-21,28.85,29.95,379.20001220703125,4390.0,0.15800000727176666
2022-01-24,29.9,30.82,387.3999938964844,4403.75,0.1550000011920929
2022-01-25,31.16,31.76,390.6000061035156,4349.0,0.1850000023841858
2022-01-26,31.96,31.95,396.79998779296875,4341.5,0.17800000309944153
2022-01-27,30.49,30.87,400.20001220703125,4317.75,0.1850000023841858
2022-01-28,27.66,28.82,374.6000061035156,4423.25,0.17299999296665192
2022-01-31,24.83,26.85,349.6000061035156,4504.25,0.17299999296665192
2022-02-01,21.96,24.76,323.79998779296875,4535.0,0.2029999941587448
2022-02-02,22.09,25.14,317.3999938964844,4577.25,0.1850000023841858
2022-02-03,24.35,26.67,355.6000061035156,4469.0,0.19300000369548798
2022-02-04,23.22,26.25,343.20001220703125,4492.5,0.22300000488758087
2022-02-07,22.86,25.69,334.0,4475.75,0.2029999941587448
2022-02-08,21.44,24.54,318.6000061035156,4512.5,0.2750000059604645
2022-02-09,19.96,23.49,306.3999938964844,4577.75,0.27000001072883606
2022-02-10,23.91,26.07,334.79998779296875,4497.5,0.3700000047683716
2022-02-11,27.36,28.83,379.20001220703125,4409.5,0.33799999952316284
2022-02-14,28.33,29.44,379.20001220703125,4394.0,0.36000001430511475
2022-02-15,25.7,27.28,349.0,4464.5,0.4000000059604645
2022-02-16,24.29,26.26,335.3999938964844,4470.0,0.37299999594688416
2022-02-17,28.11,29.32,374.0,4374.5,0.3449999988079071
2022-02-18,27.75,29.22,383.79998779296875,4343.5,0.3179999887943268
2022-02-22,28.81,29.11,381.79998779296875,4300.0,0.33000001311302185
2022-02-23,31.02,30.88,403.0,4222.0,0.3400000035762787
2022-02-24,30.32,30.05,390.3999938964844,4284.0,0.28299999237060547
2022-02-25,27.59,28.04,374.3999938964844,4380.0,0.2980000078678131
2022-02-28,30.15,29.65,393.0,4368.0,0.2879999876022339
2022-03-01,33.32,32.59,435.20001220703125,4303.75,0.31299999356269836
2022-03-02,30.74,30.97,408.0,4381.75,0.32499998807907104
2022-03-03,30.48,30.8,410.0,4359.25,0.33500000834465027
2022-03-04,31.98,32.34,427.0,4327.25,0.3050000071525574
2022-03-07,36.45,35.74,464.79998779296875,4198.5,0.3050000071525574
2022-03-08,35.13,35.0,460.20001220703125,4168.75,0.36000001430511475
2022-03-09,32.45,33.06,441.3999938964844,4275.25,0.3700000047683716
2022-03-10,30.23,31.52,422.20001220703125,4257.25,0.36000001430511475
2022-03-11,30.75,32.34,430.20001220703125,4201.5,0.36500000953674316
2022-03-14,31.77,33.32,444.0,4172.0,0.3779999911785126
2022-03-15,29.83,31.96,429.3999938964844,4262.0,0.4480000138282776
2022-03-16,26.67,28.96,385.20001220703125,4358.0,0.43299999833106995
2022-03-17,25.67,28.22,379.20001220703125,4410.25,0.36000001430511475
2022-03-18,23.87,26.55,361.3999938964844,4409.35009765625,0.382999986410141
2022-03-21,23.53,26.38,357.6000061035156,4452.25,0.45500001311302185
2022-03-22,22.94,25.85,351.0,4505.0,0.5199999809265137
2022-03-23,23.57,26.41,350.3999938964844,4447.5,0.47999998927116394
2022-03-24,21.67,25.3,342.3999938964844,4512.5,0.4830000102519989
2022-03-25,20.81,24.72,332.6000061035156,4536.5,0.5199999809265137
2022-03-28,19.63,24.18,327.6000061035156,4568.0,0.5080000162124634
2022-03-29,18.9,23.19,312.3999938964844,4625.5,0.5550000071525574
2022-03-30,19.33,23.57,315.79998779296875,4596.0,0.5249999761581421
2022-03-31,20.56,24.46,331.3999938964844,4530.75,0.49300000071525574
2022-04-01,19.63,24.21,320.0,4539.25,0.5
2022-04-04,18.57,23.03,302.79998779296875,4577.75,0.5379999876022339
2022-04-05,21.03,24.9,328.3999938964844,4520.25,0.6679999828338623
2022-04-06,22.1,25.8,336.0,4475.75,0.6629999876022339
2022-04-07,21.55,25.23,326.20001220703125,4496.25,0.6600000262260437
2022-04-08,21.16,25.17,326.20001220703125,4483.5,0.6679999828338623
2022-04-11,24.37,27.0,344.79998779296875,4409.0,0.6800000071525574
2022-04-12,24.26,27.17,348.0,4393.0,0.7379999756813049
2022-04-13,21.82,25.54,324.6000061035156,4442.25,0.7400000095367432
2022-04-14,22.7,26.03,332.3999938964844,4387.5,0.7480000257492065
2022-04-18,22.17,25.75,327.79998779296875,4386.75,0.7549999952316284
2022-04-19,21.37,25.06,311.6000061035156,4459.25,0.8330000042915344
2022-04-20,20.32,24.15,304.3999938964844,4455.5,0.7950000166893005
2022-04-21,22.68,26.11,326.3999938964844,4390.5,0.800000011920929
2022-04-22,28.21,29.87,367.20001220703125,4267.25,0.7799999713897705
2022-04-25,27.02,29.07,358.6000061035156,4292.75,0.7979999780654907
2022-04-26,33.52,33.14,396.20001220703125,4170.5,0.8330000042915344
2022-04-27,31.6,32.2,404.3999938964844,4180.25,0.8080000281333923
2022-04-28,29.99,31.15,383.3999938964844,4283.5,0.7850000262260437
2022-04-29,33.4,33.18,412.6000061035156,4127.5,0.8080000281333923
2022-05-02,32.34,33.01,407.0,4151.0,0.7649999856948853
2022-05-03,29.25,30.81,382.3999938964844,4169.25,0.8949999809265137
2022-05-04,25.42,28.09,347.3999938964844,4295.25,0.8330000042915344
2022-05-05,31.2,32.68,409.0,4143.25,0.8029999732971191
2022-05-06,30.19,32.31,403.6000061035156,4119.5,0.8149999976158142
2022-05-09,34.75,35.05,435.79998779296875,3987.5,0.800000011920929
2022-05-10,32.99,33.97,421.3999938964844,3996.75,0.878000020980835
2022-05-11,32.56,33.63,417.6000061035156,3930.25,0.8830000162124634
2022-05-12,31.77,33.08,410.20001220703125,3927.25,0.9049999713897705
2022-05-13,28.87,30.7,383.6000061035156,4019.75,0.9430000185966492
2022-05-16,27.47,29.51,367.79998779296875,4004.75,0.9800000190734863
2022-05-17,26.1,28.37,358.79998779296875,4084.75,1.0379999876022339
2022-05-18,30.96,32.8,411.3999938964844,3922.75,1.003000020980835
2022-05-19,29.35,30.79,384.79998779296875,3897.75,1.0
2022-05-20,29.43,31.14,386.6000061035156,3899.5,0.9779999852180481
2022-05-23,28.48,30.29,380.6000061035156,3971.75,0.9929999709129333
2022-05-24,29.45,30.74,382.3999938964844,3940.5,1.0429999828338623
2022-05-25,28.37,29.73,373.79998779296875,3976.75,1.0449999570846558
2022-05-26,27.5,29.28,369.79998779296875,4055.75,1.027999997138977
2022-05-27,25.72,28.02,355.79998779296875,4155.75,1.024999976158142
2022-05-31,26.19,27.99,349.79998779296875,4131.25,1.0299999713897705
2022-06-01,25.69,27.72,347.3999938964844,4099.0,1.1030000448226929
2022-06-02,24.72,27.06,340.20001220703125,4175.25,1.1130000352859497
2022-06-03,24.79,27.33,343.3999938964844,4107.0,1.1349999904632568
2022-06-06,25.07,27.22,339.3999938964844,4120.5,1.159999966621399
2022-06-07,24.02,26.52,330.0,4158.75,1.225000023841858
2022-06-08,23.96,26.54,330.0,4114.0,1.2330000400543213
2022-06-09,26.09,28.01,346.0,4016.25,1.2380000352859497
2022-06-10,27.75,29.72,366.79998779296875,3899.0,1.2879999876022339
2022-06-13,34.02,34.24,416.20001220703125,3750.5,1.4980000257492065
2022-06-14,32.69,33.28,403.6000061035156,3736.75,1.7430000305175781
2022-06-15,29.62,30.78,379.6000061035156,3789.25,1.6950000524520874
2022-06-16,32.95,33.49,403.79998779296875,3668.25,1.4830000400543213
2022-06-17,31.13,32.36,392.0,3663.760009765625,1.5099999904632568
2022-06-21,30.19,31.25,384.20001220703125,3767.75,1.4880000352859497
2022-06-22,28.95,30.24,369.20001220703125,3762.75,1.5449999570846558
2022-06-23,29.05,30.19,369.20001220703125,3799.75,1.559999942779541
2022-06-24,27.23,28.95,361.6000061035156,3916.25,1.5980000495910645
2022-06-27,26.95,28.18,350.3999938964844,3903.75,1.6330000162124634
2022-06-28,28.36,29.15,360.6000061035156,3825.5,1.7380000352859497
2022-06-29,28.16,29.0,361.6000061035156,3821.25,1.7050000429153442
2022-06-30,28.71,29.71,365.0,3789.5,1.600000023841858
2022-07-01,26.7,28.52,355.6000061035156,3827.25,1.6030000448226929
2022-07-05,27.54,28.9,355.3999938964844,3834.0,1.6299999952316284
2022-07-06,26.73,28.39,349.6000061035156,3848.25,1.840000033378601
2022-07-07,26.08,28.03,345.79998779296875,3905.0,1.8530000448226929
2022-07-08,24.64,27.3,338.6000061035156,3901.25,1.843000054359436
2022-07-11,26.17,28.25,348.20001220703125,3856.75,1.9529999494552612
2022-07-12,27.29,28.82,351.6000061035156,3823.75,2.11299991607666
2022-07-13,26.82,28.56,346.20001220703125,3804.5,2.322999954223633
2022-07-14,26.4,28.61,346.79998779296875,3793.25,2.2730000019073486
2022-07-15,24.23,27.08,329.20001220703125,3865.0,2.240000009536743
2022-07-18,25.3,27.82,338.79998779296875,3833.75,2.259999990463257
2022-07-19,24.5,27.31,334.0,3937.5,2.450000047683716
2022-07-20,23.88,26.7,326.6000061035156,3962.5,2.378000020980835
2022-07-21,23.11,26.22,318.20001220703125,4001.25,2.359999895095825
2022-07-22,23.03,25.97,316.6000061035156,3965.0,2.3550000190734863
2022-07-25,23.36,25.8,312.6000061035156,3970.0,2.3929998874664307
2022-07-26,24.69,26.42,319.79998779296875,3923.25,2.4749999046325684
2022-07-27,23.24,25.31,310.0,4024.5,2.382999897003174
2022-07-28,22.33,24.33,294.0,4073.5,2.308000087738037
2022-07-29,21.33,23.79,291.20001220703125,4133.5,2.2980000972747803
2022-08-01,22.84,24.86,301.3999938964844,4120.5,2.265000104904175
2022-08-02,23.93,25.66,304.3999938964844,4093.75,2.4630000591278076
2022-08-03,21.95,24.37,289.20001220703125,4156.25,2.427999973297119
2022-08-04,21.44,24.32,290.20001220703125,4152.25,2.378000020980835
2022-08-05,21.15,24.18,282.79998779296875,4146.75,2.4100000858306885
2022-08-08,21.29,24.48,284.3999938964844,4141.75,2.4600000381469727
2022-08-09,21.77,24.69,286.3999938964844,4124.5,2.569999933242798
2022-08-10,19.74,23.46,270.0,4210.0,2.5350000858306885
2022-08-11,20.2,23.71,272.20001220703125,4209.75,2.490000009536743
2022-08-12,19.53,23.31,268.79998779296875,4281.0,2.5
2022-08-15,19.95,23.32,264.6000061035156,4298.25,2.513000011444092
2022-08-16,19.69,23.32,266.6000061035156,4307.75,2.5980000495910645
2022-08-17,19.9,23.6,265.3999938964844,4276.75,2.568000078201294
2022-08-18,19.56,23.39,261.20001220703125,4286.5,2.565000057220459
2022-08-19,20.6,24.32,274.20001220703125,4231.5,2.5799999237060547
2022-08-22,23.8,26.0,292.0,4141.25,2.6480000019073486
2022-08-23,24.11,25.92,287.0,4130.5,2.703000068664551
2022-08-24,22.82,24.89,277.6000061035156,4142.75,2.7130000591278076
2022-08-25,21.78,24.13,268.20001220703125,4201.0,2.7300000190734863
2022-08-26,25.56,26.56,295.3999938964844,4059.5,2.755000114440918
2022-08-29,26.21,26.82,292.6000061035156,4031.25,2.7980000972747803
2022-08-30,26.21,26.91,297.6000061035156,3987.5,2.872999906539917
2022-08-31,25.87,26.65,291.79998779296875,3956.5,2.859999895095825
2022-09-01,25.56,26.43,289.6000061035156,3968.75,2.86299991607666
2022-09-02,25.47,26.48,292.20001220703125,3924.5,2.819999933242798
2022-09-06,26.91,27.59,298.3999938964844,3910.5,2.8450000286102295
2022-09-07,24.64,26.1,282.3999938964844,3980.0,2.933000087738037
2022-09-08,23.61,25.52,278.0,4005.5,2.950000047683716
2022-09-09,22.79,25.14,275.20001220703125,4067.25,2.9679999351501465
2022-09-12,23.87,25.37,273.79998779296875,4110.75,2.994999885559082
2022-09-13,27.27,27.95,297.6000061035156,3931.25,3.1530001163482666
2022-09-14,26.16,27.46,297.0,3947.5,3.128000020980835
2022-09-15,26.27,27.6,296.3999938964844,3902.0,3.0950000286102295
2022-09-16,26.3,27.63,296.3999938964844,3871.239990234375,3.069999933242798
2022-09-19,25.76,27.01,287.0,3917.25,3.0350000858306885
2022-09-20,27.16,27.88,296.6000061035156,3872.75,3.243000030517578
2022-09-21,27.99,28.76,306.20001220703125,3806.25,3.190000057220459
2022-09-22,27.35,28.22,304.3999938964844,3772.0,3.130000114440918
2022-09-23,29.92,30.32,323.0,3709.0,3.1080000400543213
2022-09-26,32.26,31.77,334.20001220703125,3670.0,3.1649999618530273
2022-09-27,32.6,32.12,339.20001220703125,3661.0,3.25
2022-09-28,30.18,30.58,325.20001220703125,3732.0,3.2300000190734863
2022-09-29,31.84,31.74,334.3999938964844,3654.25,3.2179999351501465
2022-09-30,31.62,31.86,342.0,3601.5,3.180000066757202
2022-10-03,30.1,30.69,326.20001220703125,3690.25,3.1500000953674316
2022-10-04,29.07,29.67,314.3999938964844,3803.25,3.315000057220459
2022-10-05,28.55,29.43,316.79998779296875,3794.0,3.2929999828338623
2022-10-06,30.52,30.79,326.0,3756.75,3.2880001068115234
2022-10-07,31.36,32.1,339.3999938964844,3653.25,3.2929999828338623
2022-10-10,32.45,32.73,347.6000061035156,3625.25,3.2850000858306885
2022-10-11,33.63,33.36,353.0,3599.25,3.3399999141693115
2022-10-12,33.57,33.13,349.79998779296875,3588.5,3.5329999923706055
2022-10-13,31.94,31.8,339.79998779296875,3681.75,3.5829999446868896
2022-10-14,32.02,32.45,346.79998779296875,3597.5,3.628000020980835
2022-10-17,31.37,31.74,338.0,3689.25,3.687999963760376
2022-10-18,30.5,30.98,331.3999938964844,3732.75,3.8329999446868896
2022-10-19,30.76,31.35,333.79998779296875,3707.25,3.8929998874664307
2022-10-20,29.98,30.81,329.6000061035156,3675.25,3.890000104904175
2022-10-21,29.69,30.47,328.3999938964844,3764.0,3.884999990463257
2022-10-24,29.85,30.33,323.20001220703125,3809.25,3.9130001068115234
2022-10-25,28.46,29.29,310.3999938964844,3870.25,3.9649999141693115
2022-10-26,27.28,28.46,303.20001220703125,3841.0,3.930000066757202
2022-10-27,27.39,28.28,297.20001220703125,3819.5,3.930000066757202
2022-10-28,25.75,26.9,290.20001220703125,3911.25,3.9700000286102295
2022-10-31,25.88,26.92,285.79998779296875,3883.0,3.9749999046325684
2022-11-01,25.81,26.69,283.0,3866.0,4.050000190734863
2022-11-02,25.86,27.22,290.6000061035156,3768.75,4.025000095367432
2022-11-03,25.3,26.7,284.20001220703125,3727.75,4.025000095367432
2022-11-04,24.55,26.39,280.79998779296875,3779.5,4.013000011444092
2022-11-07,24.35,26.26,278.20001220703125,3815.25,3.9830000400543213
2022-11-08,25.54,27.1,285.6000061035156,3835.25,4.090000152587891
2022-11-09,26.09,27.91,294.20001220703125,3755.5,4.0929999351501465
2022-11-10,23.53,26.18,278.20001220703125,3961.0,4.054999828338623
2022-11-11,22.52,25.74,275.0,4000.25,4.063000202178955
2022-11-14,23.73,26.13,274.79998779296875,3966.0,4.067999839782715
2022-11-15,24.54,26.59,278.0,3999.5,4.130000114440918
2022-11-16,24.11,26.03,270.79998779296875,3968.5,4.125
2022-11-17,23.93,25.83,268.3999938964844,3955.25,4.11299991607666
2022-11-18,23.12,25.33,265.6000061035156,3974.0,4.135000228881836
2022-11-21,22.36,24.72,258.6000061035156,3958.0,4.0980000495910645
2022-11-22,21.29,23.83,249.60000610351562,4010.25,4.197999954223633
2022-11-23,20.35,23.38,244.1999969482422,4033.0,4.199999809265137
2022-11-25,20.5,23.59,245.1999969482422,4032.5,4.175000190734863
2022-11-28,22.21,24.9,254.1999969482422,3970.25,4.183000087738037
2022-11-29,21.89,24.65,250.8000030517578,3962.0,4.252999782562256
2022-11-30,20.58,23.53,241.1999969482422,4081.25,4.252999782562256
2022-12-01,19.84,23.31,237.1999969482422,4081.75,4.192999839782715
2022-12-02,19.06,22.96,232.39999389648438,4075.5,4.208000183105469
2022-12-05,20.75,23.89,237.0,4003.25,4.1579999923706055
2022-12-06,22.17,24.72,243.60000610351562,3945.0,4.21999979019165
2022-12-07,22.68,25.18,247.0,3936.75,4.183000087738037
2022-12-08,22.29,24.73,242.1999969482422,3965.75,4.150000095367432
2022-12-09,22.83,25.21,247.8000030517578,3936.25,4.172999858856201
2022-12-12,25.0,25.67,246.1999969482422,3991.75,4.168000221252441
2022-12-13,22.55,24.29,236.0,4022.25,4.248000144958496
2022-12-14,21.14,23.46,227.1999969482422,3998.0,4.21999979019165
2022-12-15,22.83,25.08,241.8000030517578,3897.0,4.2129998207092285
2022-12-16,22.62,25.15,243.1999969482422,3871.469970703125,4.163000106811523
2022-12-19,22.42,25.08,236.8000030517578,3845.5,4.163000106811523
2022-12-20,21.48,24.4,234.8000030517578,3849.25,4.230000019073486
2022-12-21,20.07,23.35,226.39999389648438,3905.75,4.204999923706055
2022-12-22,21.97,24.78,238.1999969482422,3849.25,4.208000183105469
2022-12-23,20.87,24.13,231.60000610351562,3869.75,4.192999839782715
2022-12-27,21.65,24.43,231.8000030517578,3855.0,4.195000171661377
2022-12-28,22.14,24.58,231.60000610351562,3807.5,4.3379998207092285
2022-12-29,21.44,23.95,228.60000610351562,3871.75,4.295000076293945
2022-12-30,21.67,24.29,227.60000610351562,3861.0,4.260000228881836
2023-01-03,22.9,24.58,226.60000610351562,3846.0,4.255000114440918
2023-01-04,22.01,23.81,219.8000030517578,3874.5,4.400000095367432
2023-01-05,22.46,24.07,221.60000610351562,3829.0,4.498000144958496
2023-01-06,21.13,23.18,216.39999389648438,3915.5,4.493000030517578
2023-01-09,21.97,23.74,217.60000610351562,3913.75,4.482999801635742
2023-01-10,20.58,22.74,208.39999389648438,3940.75,4.565000057220459
2023-01-11,21.09,22.74,209.60000610351562,3990.0,4.554999828338623
2023-01-12,18.83,21.58,199.1999969482422,4003.5,4.474999904632568
2023-01-13,18.35,21.14,194.39999389648438,4018.25,4.48799991607666
2023-01-17,19.36,21.45,196.0,4009.5,4.493000030517578
2023-01-18,20.34,22.27,202.60000610351562,3945.75,4.53000020980835
2023-01-19,20.52,22.45,203.60000610351562,3915.5,4.525000095367432
2023-01-20,19.85,21.72,196.60000610351562,3988.5,4.538000106811523
2023-01-23,19.81,21.6,194.60000610351562,4036.5,4.534999847412109
2023-01-24,19.2,20.91,187.8000030517578,4032.75,4.572999954223633
2023-01-25,19.08,20.94,187.60000610351562,4032.0,4.545000076293945
2023-01-26,18.73,20.7,185.1999969482422,4075.5,4.543000221252441
2023-01-27,18.51,20.47,182.0,4084.25,4.547999858856201
2023-01-30,19.94,21.37,187.1999969482422,4032.5,4.534999847412109
2023-01-31,19.4,20.81,183.0,4090.0,4.570000171661377
2023-02-01,17.87,19.97,176.60000610351562,4132.25,4.519999980926514
2023-02-02,18.73,20.84,181.0,4191.5,4.510000228881836
2023-02-03,18.33,20.78,182.1999969482422,4147.75,4.5229997634887695
2023-02-06,19.43,21.43,187.0,4123.5,4.5329999923706055
2023-02-07,18.66,20.78,181.1999969482422,4175.75,4.570000171661377
2023-02-08,19.63,21.82,188.60000610351562,4130.5,4.585000038146973
2023-02-09,20.71,22.5,193.8000030517578,4091.75,4.61299991607666
2023-02-10,20.53,22.55,196.39999389648438,4099.75,4.635000228881836
2023-02-13,20.34,21.97,189.39999389648438,4147.25,4.644999980926514
2023-02-14,18.91,21.14,182.1999969482422,4145.5,4.659999847412109
2023-02-15,18.23,20.68,178.60000610351562,4158.25,4.64300012588501
2023-02-16,20.17,21.88,188.0,4099.75,4.664999961853027
2023-02-17,20.02,21.77,189.0,4087.5,4.679999828338623
2023-02-21,22.87,23.38,203.39999389648438,4005.75,4.688000202178955
2023-02-22,22.29,22.68,197.0,3999.0,4.695000171661377
2023-02-23,21.14,21.74,190.39999389648438,4018.75,4.690000057220459
2023-02-24,21.67,22.43,197.60000610351562,3975.75,4.703000068664551
2023-02-27,20.95,21.59,190.60000610351562,3988.0,4.664999961853027
2023-02-28,20.7,21.32,186.39999389648438,3975.5,4.710000038146973
2023-03-01,20.58,21.36,187.60000610351562,3956.5,4.724999904632568
2023-03-02,19.59,20.63,181.0,3984.75,4.7230000495910645
2023-03-03,18.49,19.98,175.1999969482422,4049.75,4.7179999351501465
2023-03-06,18.61,19.99,173.39999389648438,4052.5,4.728000164031982
2023-03-07,19.59,20.59,177.0,3989.75,4.84499979019165
2023-03-08,19.11,20.19,173.39999389648438,3995.0,4.882999897003174
2023-03-09,22.61,22.87,192.1999969482422,3920.0,4.8480000495910645
2023-03-10,24.8,25.39,212.39999389648438,3862.75,4.802999973297119
2023-03-13,26.52,26.64,219.0,3856.75,4.6579999923706055
2023-03-14,23.73,24.87,206.8000030517578,3920.5,4.679999828338623
2023-03-15,26.14,27.2,222.39999389648438,3892.75,4.558000087738037
2023-03-16,22.99,24.56,203.1999969482422,3960.5,4.53000020980835
2023-03-17,25.51,27.42,224.60000610351562,3957.050048828125,4.293000221252441
2023-03-20,24.15,25.85,215.1999969482422,3983.0,4.465000152587891
2023-03-21,21.38,23.57,195.39999389648438,4035.75,4.605000019073486
2023-03-22,22.26,24.38,202.8000030517578,3970.5,4.563000202178955
2023-03-23,22.61,24.53,209.0,3978.0,4.502999782562256
2023-03-24,21.74,23.96,200.1999969482422,4001.25,4.502999782562256
2023-03-27,20.6,22.87,192.39999389648438,4007.25,4.583000183105469
2023-03-28,19.97,22.38,188.0,4001.5,4.627999782562256
2023-03-29,19.12,21.49,181.8000030517578,4057.5,4.630000114440918
2023-03-30,19.02,21.45,181.60000610351562,4080.0,4.664999961853027
2023-03-31,18.7,21.23,181.0,4137.75,4.585000038146973
2023-04-03,18.55,20.83,176.1999969482422,4153.75,4.570000171661377
2023-04-04,19.0,21.34,179.39999389648438,4129.0,4.728000164031982
2023-04-05,19.08,21.48,178.1999969482422,4117.25,4.704999923706055
2023-04-06,18.4,21.0,175.0,4132.0,4.710000038146973
2023-04-10,18.97,21.07,173.1999969482422,4136.25,4.8379998207092285
2023-04-11,19.1,21.01,171.8000030517578,4136.5,4.880000114440918
2023-04-12,19.09,21.05,172.0,4119.0,4.860000133514404
2023-04-13,17.8,20.26,166.1999969482422,4172.75,4.855000019073486
2023-04-14,17.07,20.03,163.60000610351562,4163.75,4.9029998779296875
2023-04-17,16.95,19.65,159.0,4176.75,4.922999858856201
2023-04-18,16.83,19.82,157.60000610351562,4180.0,5.03000020980835
2023-04-19,16.46,20.02,157.39999389648438,4178.5,4.994999885559082
2023-04-20,17.17,20.55,160.8000030517578,4152.5,4.945000171661377
2023-04-21,16.77,20.39,157.8000030517578,4156.75,4.949999809265137
2023-04-24,16.89,20.4,157.39999389648438,4159.5,4.873000144958496
2023-04-25,18.76,21.65,170.0,4093.25,4.953000068664551
2023-04-26,18.84,21.54,165.60000610351562,4076.0,4.985000133514404
2023-04-27,17.03,20.37,158.39999389648438,4153.75,5.0
2023-04-28,15.78,19.54,151.60000610351562,4188.5,4.922999858856201
2023-05-01,16.08,19.67,149.8000030517578,4185.75,4.864999771118164
2023-05-02,17.78,20.75,156.60000610351562,4136.75,5.039999961853027
2023-05-03,18.34,21.29,161.0,4107.5,5.09499979019165
2023-05-04,20.09,22.77,169.0,4075.75,5.054999828338623
2023-05-05,17.19,20.78,156.0,4150.25,5.079999923706055
2023-05-08,16.98,20.71,153.39999389648438,4152.75,5.083000183105469
2023-05-09,17.71,21.17,156.60000610351562,4134.0,5.123000144958496
2023-05-10,16.94,20.69,152.0,4152.0,5.065000057220459
2023-05-11,16.93,20.62,150.60000610351562,4143.75,5.014999866485596
2023-05-12,17.03,20.66,150.39999389648438,4138.0,5.0279998779296875
2023-05-15,17.12,20.31,147.0,4150.0,5.0
2023-05-16,17.99,20.9,150.8000030517578,4123.0,5.058000087738037
2023-05-17,16.87,20.05,145.8000030517578,4171.5,5.0879998207092285
2023-05-18,16.05,19.33,140.0,4212.0,5.125
2023-05-19,16.81,20.04,143.8000030517578,4204.75,5.085000038146973
2023-05-22,17.21,20.36,144.1999969482422,4205.0,5.09499979019165
2023-05-23,18.53,21.06,146.39999389648438,4158.75,5.1529998779296875
2023-05-24,20.03,22.02,152.60000610351562,4126.0,5.184999942779541
2023-05-25,19.14,21.38,148.8000030517578,4159.75,5.163000106811523
2023-05-26,17.95,20.44,143.0,4213.25,5.114999771118164
2023-05-30,17.46,20.13,139.1999969482422,4215.0,5.14300012588501
2023-05-31,17.94,20.21,138.0,4190.5,5.248000144958496
2023-06-01,15.65,18.75,130.39999389648438,4228.0,5.203000068664551
2023-06-02,14.6,17.92,125.19999694824219,4288.0,5.215000152587891
2023-06-05,14.73,17.9,122.5999984741211,4281.0,5.14300012588501
2023-06-06,13.96,17.04,115.19999694824219,4289.75,5.1579999923706055
2023-06-07,13.94,17.14,116.0,4274.25,5.1529998779296875
2023-06-08,13.65,16.86,112.80000305175781,4298.25,5.099999904632568
2023-06-09,13.83,16.96,114.0,4304.75,5.09499979019165
2023-06-12,15.01,17.28,114.4000015258789,4342.75,5.09499979019165
2023-06-13,14.61,17.23,113.80000305175781,4371.75,5.099999904632568
2023-06-14,13.88,16.86,110.5999984741211,4374.25,5.079999923706055
2023-06-15,14.5,17.18,113.80000305175781,4426.5,5.054999828338623
2023-06-16,13.54,16.75,109.19999694824219,4453.35009765625,5.065000057220459
2023-06-20,13.88,17.3,109.5999984741211,4434.75,5.074999809265137
2023-06-21,13.2,16.89,107.19999694824219,4409.25,5.135000228881836
2023-06-22,12.91,16.56,105.0,4423.75,5.135000228881836
2023-06-23,13.44,16.87,106.23999786376953,4389.0,5.138000011444092
2023-06-26,14.25,17.05,105.83999633789062,4370.25,5.15500020980835
2023-06-27,13.74,16.44,103.23999786376953,4418.75,5.179999828338623
2023-06-28,13.43,15.9,99.4000015258789,4417.5,5.170000076293945
2023-06-29,13.54,16.1,101.68000030517578,4435.75,5.175000190734863
2023-06-30,13.59,16.02,99.83999633789062,4488.25,5.1529998779296875
2023-07-03,13.57,16.07,99.04000091552734,4492.25,5.144999980926514
2023-07-05,14.18,16.51,100.95999908447266,4483.75,5.192999839782715
2023-07-06,15.44,17.52,106.27999877929688,4447.0,5.2129998207092285
2023-07-07,14.83,17.24,103.87999725341797,4434.0,5.2129998207092285
2023-07-10,15.07,17.25,103.04000091552734,4444.25,5.224999904632568
2023-07-11,14.84,16.97,102.19999694824219,4473.5,5.243000030517578
2023-07-12,13.54,16.11,96.4800033569336,4507.5,5.230000019073486
2023-07-13,13.61,16.12,97.12000274658203,4543.5,5.2230000495910645
2023-07-14,13.34,16.04,95.95999908447266,4536.75,5.215000152587891
2023-07-17,13.48,16.27,95.76000213623047,4553.75,5.232999801635742
2023-07-18,13.3,16.13,94.23999786376953,4587.75,5.248000144958496
2023-07-19,13.76,16.56,96.31999969482422,4597.0,5.244999885559082
2023-07-20,13.99,16.66,96.16000366210938,4565.5,5.243000030517578
2023-07-21,13.6,16.4,94.91999816894531,4564.75,5.248000144958496
2023-07-24,13.91,16.26,93.36000061035156,4583.5,5.25
2023-07-25,13.86,16.22,93.23999786376953,4596.0,5.264999866485596
2023-07-26,13.19,15.79,90.83999633789062,4595.25,5.26800012588501
2023-07-27,14.41,16.63,95.5199966430664,4564.25,5.26800012588501
2023-07-28,13.33,15.92,91.5999984741211,4606.5,5.255000114440918
2023-07-31,13.63,16.01,90.68000030517578,4614.5,5.248000144958496
2023-08-01,13.93,16.34,91.87999725341797,4601.25,5.260000228881836
2023-08-02,16.09,17.96,100.5199966430664,4537.25,5.260000228881836
2023-08-03,15.92,17.72,99.95999908447266,4521.75,5.257999897003174
2023-08-04,17.1,18.61,103.44000244140625,4498.0,5.252999782562256
2023-08-07,15.77,17.72,98.0,4537.75,5.260000228881836
2023-08-08,15.99,18.13,100.16000366210938,4518.5,5.275000095367432
2023-08-09,15.96,18.05,99.12000274658203,4485.75,5.28000020980835
2023-08-10,15.85,18.16,99.4800033569336,4485.75,5.26800012588501
2023-08-11,14.84,17.56,95.55999755859375,4480.75,5.264999866485596
2023-08-14,14.82,17.41,93.91999816894531,4506.0,5.269999980926514
2023-08-15,16.46,18.59,99.31999969482422,4454.0,5.28000020980835
2023-08-16,16.78,18.97,100.91999816894531,4420.0,5.284999847412109
2023-08-17,17.89,19.83,105.80000305175781,4384.5,5.2779998779296875
2023-08-18,17.3,19.24,103.12000274658203,4382.75,5.2779998779296875
2023-08-21,17.13,18.77,100.44000244140625,4412.5,5.28000020980835
2023-08-22,16.97,18.72,100.83999633789062,4399.25,5.295000076293945
2023-08-23,15.98,17.94,97.4800033569336,4447.0,5.295000076293945
2023-08-24,17.2,18.75,101.19999694824219,4386.0,5.302999973297119
2023-08-25,15.68,17.72,96.80000305175781,4414.25,5.315000057220459
2023-08-28,15.08,17.12,93.12000274658203,4442.25,5.322999954223633
2023-08-29,14.45,16.56,90.68000030517578,4506.75,5.320000171661377
2023-08-30,13.88,16.18,87.5999984741211,4524.25,5.315000057220459
2023-08-31,13.57,15.92,86.08000183105469,4516.0,5.297999858856201
2023-09-01,13.09,15.74,84.87999725341797,4521.5,5.26800012588501
2023-09-05,14.01,16.24,85.76000213623047,4502.5,5.2779998779296875
2023-09-06,14.45,16.61,87.12000274658203,4471.5,5.300000190734863
2023-09-07,14.4,16.58,86.95999908447266,4456.25,5.2829999923706055
2023-09-08,13.84,16.14,85.23999786376953,4461.75,5.293000221252441
2023-09-11,13.8,16.02,83.04000091552734,4490.25,5.293000221252441
2023-09-12,14.23,16.25,83.68000030517578,4465.0,5.304999828338623
2023-09-13,13.48,15.92,82.19999694824219,4468.75,5.304999828338623
2023-09-14,12.82,15.34,79.68000030517578,4506.0,5.295000076293945
2023-09-15,13.79,16.02,82.72000122070312,4491.72021484375,5.297999858856201
2023-09-18,14.0,16.13,82.16000366210938,4501.5,5.300000190734863
2023-09-19,14.11,16.13,81.5999984741211,4490.0,5.309999942779541
2023-09-20,15.14,16.81,84.63999938964844,4447.0,5.315000057220459
2023-09-21,17.54,18.24,91.4000015258789,4372.0,5.304999828338623
2023-09-22,17.2,18.09,91.5999984741211,4361.0,5.304999828338623
2023-09-25,16.9,18.02,91.4000015258789,4378.75,5.313000202178955
2023-09-26,18.94,19.72,100.68000030517578,4314.75,5.324999809265137
2023-09-27,18.22,19.11,95.83999633789062,4313.5,5.329999923706055
2023-09-28,17.34,18.38,91.5999984741211,4337.5,5.308000087738037
2023-09-29,17.52,18.51,93.19999694824219,4325.5,5.300000190734863
2023-10-02,17.61,18.62,93.5199966430664,4324.25,5.315000057220459
2023-10-03,19.78,20.41,102.23999786376953,4264.75,5.340000152587891
2023-10-04,18.58,19.52,97.04000091552734,4297.75,5.335000038146973
2023-10-05,18.49,19.5,95.87999725341797,4290.75,5.324999809265137
2023-10-06,17.45,18.73,94.4800033569336,4341.5,5.3480000495910645
2023-10-09,17.7,18.81,93.23999786376953,4368.75,5.3480000495910645
2023-10-10,17.03,18.27,90.12000274658203,4391.5,5.322999954223633
2023-10-11,16.09,17.63,88.5199966430664,4409.75,5.335000038146973
2023-10-12,16.69,18.09,90.4800033569336,4380.5,5.335000038146973
2023-10-13,19.32,20.57,101.4800033569336,4357.25,5.328000068664551
2023-10-16,17.21,18.79,91.63999938964844,4401.0,5.328000068664551
2023-10-17,17.88,19.26,94.16000366210938,4401.75,5.340000152587891
2023-10-18,19.22,20.47,99.91999816894531,4342.25,5.329999923706055
2023-10-19,21.4,22.19,104.91999816894531,4303.0,5.309999942779541
2023-10-20,21.71,22.44,105.76000213623047,4248.5,5.300000190734863
2023-10-23,20.37,21.33,102.04000091552734,4241.75,5.293000221252441
2023-10-24,18.97,20.21,97.63999938964844,4271.25,5.308000087738037
2023-10-25,20.19,21.33,103.80000305175781,4209.75,5.315000057220459
2023-10-26,20.68,21.57,104.76000213623047,4156.5,5.300000190734863
2023-10-27,21.27,22.27,108.16000366210938,4137.75,5.304999828338623
2023-10-30,19.75,20.8,100.27999877929688,4185.75,5.313000202178955
2023-10-31,18.14,19.49,93.68000030517578,4212.25,5.320000171661377
2023-11-01,16.87,18.55,89.5999984741211,4256.0,5.300000190734863
2023-11-02,15.66,17.8,86.63999938964844,4335.75,5.269999980926514
2023-11-03,14.91,17.22,84.5999984741211,4376.0,5.252999782562256
2023-11-06,14.89,17.03,81.80000305175781,4384.25,5.260000228881836
2023-11-07,14.81,16.92,81.36000061035156,4396.0,5.2729997634887695
2023-11-08,14.45,16.64,79.91999816894531,4399.5,5.26800012588501
2023-11-09,15.29,17.3,83.08000183105469,4362.25,5.263000011444092
2023-11-10,14.17,16.52,79.5199966430664,4430.5,5.25
2023-11-13,14.76,16.61,78.91999816894531,4425.25,5.260000228881836
2023-11-14,14.16,16.29,78.12000274658203,4511.0,5.252999782562256
2023-11-15,14.18,16.28,76.4000015258789,4519.25,5.255000114440918
2023-11-16,14.32,16.14,75.23999786376953,4523.25,5.243000030517578
2023-11-17,13.8,15.85,74.12000274658203,4527.5,5.232999801635742
2023-11-20,13.41,15.69,73.55999755859375,4562.25,5.23799991607666
2023-11-21,13.35,15.5,72.0,4551.25,5.255000114440918
2023-11-22,12.85,15.48,72.68000030517578,4567.25,5.264999866485596
2023-11-23,12.8,15.48,72.68000030517578,4569.5,5.264999866485596
2023-11-24,12.46,15.12,69.55999755859375,4568.25,5.252999782562256
2023-11-27,12.69,15.34,69.95999908447266,4561.0,5.257999897003174
2023-11-28,12.69,15.24,69.12000274658203,4563.0,5.260000228881836
2023-11-29,12.98,15.51,70.16000366210938,4559.25,5.239999771118164
2023-11-30,12.92,15.44,69.04000091552734,4576.75,5.23799991607666
2023-12-01,12.63,15.36,68.5999984741211,4600.75,5.215000152587891
2023-12-04,13.08,15.68,69.0,4576.5,5.2230000495910645
2023-12-05,12.85,15.57,68.36000061035156,4575.0,5.243000030517578
2023-12-06,12.97,15.74,68.80000305175781,4556.0,5.243000030517578
2023-12-07,13.06,15.65,68.80000305175781,4589.5,5.232999801635742
2023-12-08,12.35,15.16,66.80000305175781,4607.5,5.232999801635742
2023-12-11,12.63,15.19,65.36000061035156,4626.0,5.232999801635742
2023-12-12,12.07,14.83,63.52000045776367,4645.75,5.248000144958496
2023-12-13,12.19,14.66,62.68000030517578,4708.25,5.2230000495910645
2023-12-14,12.48,14.79,62.439998626708984,4721.75,5.215000152587891
2023-12-15,12.28,15.13,64.4000015258789,4694.27001953125,5.224999904632568
2023-12-18,12.56,15.47,64.55999755859375,4793.0,5.224999904632568
2023-12-19,12.53,15.64,65.55999755859375,4820.25,5.23799991607666
2023-12-20,13.67,16.58,69.5999984741211,4749.75,5.230000019073486
2023-12-21,13.65,16.3,67.87999725341797,4796.75,5.210000038146973
2023-12-22,13.03,15.99,66.31999969482422,4805.25,5.208000183105469
2023-12-26,12.99,15.88,64.5199966430664,4825.0,5.203000068664551
2023-12-27,12.43,15.27,61.91999816894531,4833.5,5.235000133514404
2023-12-28,12.47,15.23,61.79999923706055,4832.25,5.2179999351501465
2023-12-29,12.45,15.26,62.040000915527344,4820.0,5.179999828338623
